-- phpMyAdmin SQL Dump
-- version 4.0.10deb1
-- http://www.phpmyadmin.net
--
-- Host: localhost
-- Generation Time: Jun 26, 2015 at 04:37 PM
-- Server version: 5.5.43-0ubuntu0.14.04.1
-- PHP Version: 5.5.9-1ubuntu4.9

SET SQL_MODE = "NO_AUTO_VALUE_ON_ZERO";
SET time_zone = "+00:00";


/*!40101 SET @OLD_CHARACTER_SET_CLIENT=@@CHARACTER_SET_CLIENT */;
/*!40101 SET @OLD_CHARACTER_SET_RESULTS=@@CHARACTER_SET_RESULTS */;
/*!40101 SET @OLD_COLLATION_CONNECTION=@@COLLATION_CONNECTION */;
/*!40101 SET NAMES utf8 */;

--
-- Database: `raspberrypints`
--

-- --------------------------------------------------------

--
-- Table structure for table `beers`
--

CREATE TABLE IF NOT EXISTS `beers` (
  `id` int(11) NOT NULL AUTO_INCREMENT,
  `name` text NOT NULL,
  `beerStyleId` int(11) NOT NULL,
  `notes` text NOT NULL,
  `ogEst` decimal(4,3) NOT NULL,
  `fgEst` decimal(4,3) NOT NULL,
  `srmEst` decimal(3,1) NOT NULL,
  `ibuEst` int(4) NOT NULL,
  `active` tinyint(1) NOT NULL DEFAULT '1',
  `createdDate` timestamp NULL DEFAULT NULL,
  `modifiedDate` timestamp NULL DEFAULT NULL,
  PRIMARY KEY (`id`),
  KEY `beerStyleId` (`beerStyleId`)
) ENGINE=InnoDB  DEFAULT CHARSET=latin1 AUTO_INCREMENT=8 ;

--
-- Dumping data for table `beers`
--

INSERT INTO `beers` (`id`, `name`, `beerStyleId`, `notes`, `ogEst`, `fgEst`, `srmEst`, `ibuEst`, `active`, `createdDate`, `modifiedDate`) VALUES
(7, 'Test', 560, 'Test beer', 1.055, 1.007, 7.0, 45, 1, '2015-06-26 05:52:40', '2015-06-26 05:52:40');

-- --------------------------------------------------------

--
-- Table structure for table `beerStyles`
--

CREATE TABLE IF NOT EXISTS `beerStyles` (
  `id` int(11) NOT NULL AUTO_INCREMENT,
  `name` tinytext NOT NULL,
  `catNum` tinytext NOT NULL,
  `category` tinytext NOT NULL,
  `ogMin` decimal(4,3) NOT NULL,
  `ogMax` decimal(4,3) NOT NULL,
  `fgMin` decimal(4,3) NOT NULL,
  `fgMax` decimal(4,3) NOT NULL,
  `abvMin` decimal(3,1) NOT NULL,
  `abvMax` decimal(3,1) NOT NULL,
  `ibuMin` decimal(3,0) NOT NULL,
  `ibuMax` decimal(3,0) NOT NULL,
  `srmMin` decimal(2,0) NOT NULL,
  `srmMax` decimal(2,0) NOT NULL,
  `createdDate` timestamp NULL DEFAULT NULL,
  `modifiedDate` timestamp NULL DEFAULT NULL,
  PRIMARY KEY (`id`)
) ENGINE=InnoDB  DEFAULT CHARSET=latin1 AUTO_INCREMENT=599 ;

--
-- Dumping data for table `beerStyles`
--

INSERT INTO `beerStyles` (`id`, `name`, `catNum`, `category`, `ogMin`, `ogMax`, `fgMin`, `fgMax`, `abvMin`, `abvMax`, `ibuMin`, `ibuMax`, `srmMin`, `srmMax`, `createdDate`, `modifiedDate`) VALUES
(447, 'American Light Lager', '1A', 'Standard American Beer', 1.028, 1.040, 0.998, 1.008, 2.8, 4.2, 8, 12, 2, 3, '2015-06-26 02:22:50', '2015-06-26 02:22:50'),
(448, 'American Lager', '1B', 'Standard American Beer', 1.040, 1.050, 1.004, 1.010, 4.2, 5.3, 8, 18, 2, 4, '2015-06-26 02:22:50', '2015-06-26 02:22:50'),
(449, 'Cream Ale', '1C', 'Standard American Beer', 1.046, 1.056, 1.008, 1.012, 4.6, 6.0, 15, 25, 2, 6, '2015-06-26 02:22:50', '2015-06-26 02:22:50'),
(450, 'American Wheat Beer', '1D', 'Standard American Beer', 1.040, 1.055, 1.008, 1.013, 4.0, 5.5, 15, 30, 3, 6, '2015-06-26 02:22:50', '2015-06-26 02:22:50'),
(451, 'International Pale Lager', '2A', 'International Lager', 1.042, 1.050, 1.080, 1.012, 4.6, 6.0, 18, 25, 2, 6, '2015-06-26 02:22:50', '2015-06-26 02:22:50'),
(452, 'International Amber Lager', '2B', 'International Lager', 1.042, 1.055, 1.008, 1.014, 4.6, 6.0, 8, 25, 7, 14, '2015-06-26 02:22:50', '2015-06-26 02:22:50'),
(453, 'International Dark Lager', '2C', 'International Lager', 1.044, 1.056, 1.013, 1.017, 4.2, 5.4, 35, 45, 4, 6, '2015-06-26 02:22:50', '2015-06-26 02:22:50'),
(454, 'Czech Pale Lager', '3A', 'Czech Lager', 1.028, 1.044, 1.080, 1.014, 3.0, 4.1, 20, 35, 3, 6, '2015-06-26 02:22:50', '2015-06-26 02:22:50'),
(455, 'Czech Premium Pale Lager', '3B', 'Czech Lager', 1.044, 1.060, 1.013, 1.017, 4.2, 5.8, 30, 45, 4, 6, '2015-06-26 02:22:50', '2015-06-26 02:22:50'),
(456, 'Czech Amber Lager', '3C', 'Czech Lager', 1.044, 1.060, 1.013, 1.017, 4.4, 5.8, 20, 35, 10, 16, '2015-06-26 02:22:50', '2015-06-26 02:22:50'),
(457, 'Czech Dark Lager', '3D', 'Czech Lager', 1.044, 1.060, 1.013, 1.017, 4.4, 5.8, 18, 34, 14, 35, '2015-06-26 02:22:50', '2015-06-26 02:22:50'),
(458, 'Munich Helles', '4A', 'Pale Malty European Lager', 1.044, 1.048, 1.006, 1.012, 4.7, 5.4, 16, 22, 3, 5, '2015-06-26 02:22:50', '2015-06-26 02:22:50'),
(459, 'Festbier', '4B', 'Pale Malty European Lager', 1.054, 1.057, 1.010, 1.012, 5.8, 6.3, 18, 25, 4, 7, '2015-06-26 02:22:50', '2015-06-26 02:22:50'),
(460, 'Helles Bock', '4C', 'Pale Malty European Lager', 1.064, 1.072, 1.011, 1.018, 6.3, 7.4, 23, 35, 6, 11, '2015-06-26 02:22:50', '2015-06-26 02:22:50'),
(461, 'German Leichtbier', '5A', 'Pale Bitter European Beer', 1.026, 1.034, 1.006, 1.010, 2.4, 3.6, 15, 28, 2, 5, '2015-06-26 02:22:50', '2015-06-26 02:22:50'),
(462, 'Kolsch', '5B', 'Pale Bitter European Beer', 1.044, 1.050, 1.007, 1.011, 4.4, 5.2, 18, 30, 4, 5, '2015-06-26 02:22:50', '2015-06-26 02:22:50'),
(463, 'German Helles Exportbier', '5C', 'Pale Bitter European Beer', 1.048, 1.056, 1.010, 1.015, 4.8, 6.0, 20, 30, 4, 7, '2015-06-26 02:22:50', '2015-06-26 02:22:50'),
(464, 'German Pils', '5D', 'Pale Bitter European Beer', 1.044, 1.050, 1.008, 1.013, 4.4, 5.2, 22, 40, 2, 5, '2015-06-26 02:22:50', '2015-06-26 02:22:50'),
(465, 'Marzen', '6A', 'Amber Malty European Lager', 1.054, 1.060, 1.010, 1.014, 5.8, 6.3, 18, 24, 8, 17, '2015-06-26 02:22:50', '2015-06-26 02:22:50'),
(466, 'Rachbier', '6B', 'Amber Malty European Lager', 1.050, 1.057, 1.012, 1.016, 4.8, 6.0, 20, 30, 12, 22, '2015-06-26 02:22:50', '2015-06-26 02:22:50'),
(467, 'Dunkles Bock', '6C', 'Amber Malty European Lager', 1.064, 1.072, 1.013, 1.019, 6.3, 7.2, 20, 27, 14, 22, '2015-06-26 02:22:50', '2015-06-26 02:22:50'),
(468, 'Vienna Lager', '7A', 'Amber Bitter European Beer', 1.048, 1.055, 1.010, 1.014, 4.7, 5.5, 18, 30, 9, 15, '2015-06-26 02:22:51', '2015-06-26 02:22:51'),
(469, 'Altbier', '7B', 'Amber Bitter European Beer', 1.044, 1.052, 1.008, 1.014, 4.3, 5.5, 25, 50, 11, 17, '2015-06-26 02:22:51', '2015-06-26 02:22:51'),
(470, 'Kellerbier', '7C', 'Amber Bitter European Beer', 1.045, 1.051, 1.008, 1.012, 4.7, 5.4, 20, 30, 3, 7, '2015-06-26 02:22:51', '2015-06-26 02:22:51'),
(471, 'Amber Kellerbier', '7C', 'Amber Bitter European Beer', 1.048, 1.054, 1.012, 1.016, 4.8, 5.4, 25, 40, 7, 17, '2015-06-26 02:22:51', '2015-06-26 02:22:51'),
(472, 'Munich Dunkel', '8A', 'Dark European Lager', 1.048, 1.056, 1.010, 1.016, 4.5, 5.6, 18, 28, 14, 28, '2015-06-26 02:22:51', '2015-06-26 02:22:51'),
(473, 'Schwarzbier', '8B', 'Dark European Lager', 1.046, 1.052, 1.010, 1.016, 4.4, 5.4, 20, 30, 17, 30, '2015-06-26 02:22:51', '2015-06-26 02:22:51'),
(474, 'Doppelbock', '9A', 'Strong European Beer', 1.072, 1.112, 1.016, 1.024, 7.0, 10.0, 16, 26, 6, 25, '2015-06-26 02:22:51', '2015-06-26 02:22:51'),
(475, 'Eisbock', '9B', 'Strong European Beer', 1.078, 1.120, 1.020, 1.035, 9.0, 14.0, 25, 35, 18, 30, '2015-06-26 02:22:51', '2015-06-26 02:22:51'),
(476, 'Baltic Porter', '9C', 'Strong European Beer', 1.060, 1.090, 1.016, 1.024, 6.5, 9.5, 20, 40, 17, 30, '2015-06-26 02:22:51', '2015-06-26 02:22:51'),
(477, 'Weissbier', '10A', 'German Wheat Beer', 1.044, 1.052, 1.010, 1.014, 4.3, 5.6, 8, 15, 2, 6, '2015-06-26 02:22:51', '2015-06-26 02:22:51'),
(478, 'Dunkles Weissbier', '10B', 'German Wheat Beer', 1.044, 1.056, 1.010, 1.014, 4.3, 5.6, 10, 18, 14, 23, '2015-06-26 02:22:51', '2015-06-26 02:22:51'),
(479, 'Weizenbock', '10C', 'German Wheat Beer', 1.064, 1.090, 1.015, 1.022, 6.5, 9.0, 15, 30, 6, 25, '2015-06-26 02:22:51', '2015-06-26 02:22:51'),
(480, 'Ordinary Bitter', '11A', 'British Bitter', 1.030, 1.039, 1.007, 1.011, 3.2, 3.8, 25, 35, 8, 14, '2015-06-26 02:22:51', '2015-06-26 02:22:51'),
(481, 'Best Bitter', '11B', 'British Bitter', 1.040, 1.048, 1.008, 1.012, 3.8, 4.6, 25, 40, 8, 16, '2015-06-26 02:22:51', '2015-06-26 02:22:51'),
(482, 'Strong Bitter', '11C', 'British Bitter', 1.048, 1.060, 1.010, 1.016, 4.6, 6.2, 30, 50, 8, 18, '2015-06-26 02:22:51', '2015-06-26 02:22:51'),
(483, 'British Golden Ale', '12A', 'Pale Commonwealth Beer', 1.038, 1.053, 1.006, 1.012, 3.8, 5.0, 20, 45, 2, 6, '2015-06-26 02:22:51', '2015-06-26 02:22:51'),
(484, 'Australian Sparkiling Ale', '12B', 'Pale Commonwealth Beer', 1.038, 1.050, 1.004, 1.006, 4.5, 6.0, 20, 35, 4, 7, '2015-06-26 02:22:51', '2015-06-26 02:22:51'),
(485, 'English IPA', '12C', 'Pale Commonwealth Beer', 1.050, 1.075, 1.010, 1.018, 5.0, 7.5, 40, 60, 6, 14, '2015-06-26 02:22:51', '2015-06-26 02:22:51'),
(486, 'Dark Mild', '13A', 'Brown British Beer', 1.030, 1.038, 1.008, 1.013, 3.0, 3.8, 10, 25, 12, 25, '2015-06-26 02:22:51', '2015-06-26 02:22:51'),
(487, 'British Brown Ale', '13B', 'Brown British Beer', 1.040, 1.052, 1.008, 1.013, 4.2, 5.4, 20, 30, 12, 22, '2015-06-26 02:22:51', '2015-06-26 02:22:51'),
(488, 'English Porter', '13C', 'Brown British Beer', 1.040, 1.052, 1.008, 1.014, 4.0, 5.4, 18, 35, 20, 30, '2015-06-26 02:22:51', '2015-06-26 02:22:51'),
(489, 'Scottish Light', '14A', 'Sottish Ale', 1.030, 1.035, 1.010, 1.013, 2.5, 3.2, 10, 20, 17, 22, '2015-06-26 02:22:51', '2015-06-26 02:22:51'),
(490, 'Scottish Heavy', '14B', 'Scottish Ale', 1.035, 1.040, 1.010, 1.015, 3.2, 3.9, 10, 20, 13, 22, '2015-06-26 02:22:51', '2015-06-26 02:22:51'),
(491, 'Scottish Export', '14C', 'Scottish Ale', 1.040, 1.060, 1.010, 1.016, 3.9, 6.0, 15, 30, 13, 22, '2015-06-26 02:22:51', '2015-06-26 02:22:51'),
(492, 'Irish Red Ale', '15A', 'Irish Beer', 1.036, 1.046, 1.010, 1.014, 3.8, 5.0, 18, 28, 9, 14, '2015-06-26 02:22:51', '2015-06-26 02:22:51'),
(493, 'Irish Stout', '15B', 'Irish Beer', 1.036, 1.044, 1.007, 1.011, 4.0, 4.5, 25, 45, 25, 40, '2015-06-26 02:22:51', '2015-06-26 02:22:51'),
(494, 'Irish Extra Stout', '15C', 'Irish Beer', 1.052, 1.062, 1.010, 1.014, 5.5, 6.5, 35, 50, 25, 40, '2015-06-26 02:22:51', '2015-06-26 02:22:51'),
(495, 'Sweet Stout', '16A', 'Dark British Beer', 1.044, 1.060, 1.012, 1.024, 4.0, 6.0, 20, 40, 30, 40, '2015-06-26 02:22:51', '2015-06-26 02:22:51'),
(496, 'Oatmeal Stout', '16B', 'Dark British Beer', 1.045, 1.065, 1.010, 1.018, 4.2, 5.9, 25, 40, 22, 40, '2015-06-26 02:22:51', '2015-06-26 02:22:51'),
(497, 'Tropical Stout', '16C', 'Dark British Beer', 1.056, 1.075, 1.010, 1.018, 5.5, 8.0, 30, 50, 30, 40, '2015-06-26 02:22:51', '2015-06-26 02:22:51'),
(498, 'Foreign Extra Stout', '16D', 'Dark British Beer', 1.056, 1.075, 1.010, 1.018, 6.3, 8.0, 50, 70, 30, 40, '2015-06-26 02:22:51', '2015-06-26 02:22:51'),
(499, 'British Strong Ale', '17A', 'Strong British Ale', 1.055, 1.080, 1.015, 1.022, 5.5, 8.0, 30, 60, 8, 22, '2015-06-26 02:22:51', '2015-06-26 02:22:51'),
(500, 'Old Ale', '17B', 'Strong British Beer', 1.055, 1.088, 1.015, 1.022, 5.5, 9.0, 30, 60, 10, 22, '2015-06-26 02:22:51', '2015-06-26 02:22:51'),
(501, 'Wee Heavy', '17C', 'Strong British Beer', 1.070, 1.130, 1.018, 1.040, 6.5, 10.0, 17, 35, 14, 25, '2015-06-26 02:22:52', '2015-06-26 02:22:52'),
(502, 'English Barleywine', '17D', 'Strong British Beer', 1.080, 1.120, 1.018, 1.030, 8.0, 12.0, 35, 70, 8, 22, '2015-06-26 02:22:52', '2015-06-26 02:22:52'),
(503, 'Blonde Ale', '18A', 'Pale American Ale', 1.038, 1.054, 1.008, 1.013, 3.8, 5.5, 15, 28, 3, 6, '2015-06-26 02:22:52', '2015-06-26 02:22:52'),
(504, 'American Pale Ale', '18B', 'Pale American Ale', 1.045, 1.060, 1.010, 1.015, 4.5, 6.2, 30, 50, 5, 10, '2015-06-26 02:22:52', '2015-06-26 02:22:52'),
(505, 'American Amber Ale', '19A', 'Amber and Brown American Beer', 1.045, 1.060, 1.010, 1.015, 4.5, 6.2, 25, 40, 10, 17, '2015-06-26 02:22:52', '2015-06-26 02:22:52'),
(506, 'Californa Common', '19B', 'Amber and Brown American Beer', 1.048, 1.054, 1.011, 1.014, 4.5, 5.5, 30, 45, 10, 14, '2015-06-26 02:22:52', '2015-06-26 02:22:52'),
(507, 'Amberican Brown Ale', '19C', 'Amber and Brown American Beer', 1.045, 1.060, 1.010, 1.016, 4.3, 6.2, 20, 30, 18, 35, '2015-06-26 02:22:52', '2015-06-26 02:22:52'),
(508, 'American Porter', '20A', 'American Porter and Stout', 1.050, 1.070, 1.012, 1.018, 4.8, 6.5, 25, 50, 22, 40, '2015-06-26 02:22:52', '2015-06-26 02:22:52'),
(509, 'American Stout', '20B', 'American Porter and Stout', 1.050, 1.075, 1.010, 1.022, 5.0, 7.0, 35, 75, 30, 40, '2015-06-26 02:22:52', '2015-06-26 02:22:52'),
(510, 'Imperial Stout', '20C', 'American Porter and Stout', 1.075, 1.115, 1.018, 1.030, 8.0, 12.0, 50, 90, 30, 40, '2015-06-26 02:22:52', '2015-06-26 02:22:52'),
(511, 'American IPA', '21A', 'India Pale Ale', 1.056, 1.070, 1.008, 1.014, 5.5, 7.5, 40, 70, 6, 14, '2015-06-26 02:22:52', '2015-06-26 02:22:52'),
(512, 'Specialty IPA: Belgian IPA', '21B', 'India Pale Ale', 1.058, 1.080, 1.008, 1.016, 6.2, 9.5, 50, 100, 5, 15, '2015-06-26 02:22:52', '2015-06-26 02:22:52'),
(513, 'Specialty IPA: Black IPA', '21B', 'India Pale Ale', 1.050, 1.085, 1.010, 1.018, 5.5, 9.0, 50, 90, 25, 40, '2015-06-26 02:22:52', '2015-06-26 02:22:52'),
(514, 'Specialty IPA: Brown IPA', '21B', 'India Pale Ale', 1.056, 1.070, 1.008, 1.016, 5.5, 7.5, 40, 70, 11, 19, '2015-06-26 02:22:52', '2015-06-26 02:22:52'),
(515, 'Specialty IPA: Red IPA', '21B', 'India Pale Ale', 1.056, 1.070, 1.008, 1.016, 5.5, 7.5, 40, 70, 11, 19, '2015-06-26 02:22:52', '2015-06-26 02:22:52'),
(516, 'Specialty IPA: Rye IPA', '21B', 'India Pale Ale', 1.056, 1.075, 1.008, 1.014, 5.5, 8.0, 50, 75, 6, 14, '2015-06-26 02:22:52', '2015-06-26 02:22:52'),
(517, 'Specialty IPA: White IPA', '21B', 'India Pale Ale', 1.056, 1.065, 1.010, 1.016, 5.5, 7.0, 40, 70, 5, 8, '2015-06-26 02:22:52', '2015-06-26 02:22:52'),
(518, 'Double IPA', '22A', 'Strong American Ale', 1.065, 1.085, 1.008, 1.018, 7.5, 10.0, 60, 120, 6, 14, '2015-06-26 02:22:52', '2015-06-26 02:22:52'),
(519, 'American Strong Ale', '22B', 'Strong American Ale', 1.062, 1.090, 1.014, 1.024, 6.3, 10.0, 50, 100, 7, 19, '2015-06-26 02:22:52', '2015-06-26 02:22:52'),
(520, 'American Barleywine', '22C', 'Strong American Ale', 1.080, 1.120, 1.016, 1.030, 8.0, 12.0, 50, 100, 10, 19, '2015-06-26 02:22:52', '2015-06-26 02:22:52'),
(521, 'Wheatwine', '22D', 'Strong American Ale', 1.080, 1.012, 1.016, 1.030, 8.0, 12.0, 30, 60, 8, 15, '2015-06-26 02:22:52', '2015-06-26 02:22:52'),
(522, 'Berliner Weisse', '23A', 'European Sour Ale', 1.028, 1.032, 1.003, 1.006, 2.8, 3.8, 3, 8, 2, 3, '2015-06-26 02:22:52', '2015-06-26 02:22:52'),
(523, 'Flanders Red Ale', '23B', 'European Sour Ale', 1.048, 1.057, 1.002, 1.012, 4.6, 6.5, 10, 25, 10, 16, '2015-06-26 02:22:52', '2015-06-26 02:22:52'),
(524, 'Oud Bruin', '23C', 'European Sour Ale', 1.040, 1.074, 1.008, 1.012, 4.0, 8.0, 20, 25, 15, 22, '2015-06-26 02:22:52', '2015-06-26 02:22:52'),
(525, 'Lambic', '23D', 'European Sour Ale', 1.040, 1.054, 1.001, 1.010, 5.0, 6.5, 0, 10, 3, 7, '2015-06-26 02:22:52', '2015-06-26 02:22:52'),
(526, 'Gueuze', '23E', 'European Sour Ale', 1.040, 1.060, 1.000, 1.006, 5.0, 8.0, 0, 10, 3, 7, '2015-06-26 02:22:52', '2015-06-26 02:22:52'),
(527, 'Fruit Lambic', '23F', 'European Sour Ale', 1.040, 1.060, 1.000, 1.010, 5.0, 7.0, 0, 10, 3, 7, '2015-06-26 02:22:52', '2015-06-26 02:22:52'),
(528, 'Witbier', '24A', 'Belgian Ale', 1.044, 1.052, 1.008, 1.012, 4.5, 5.5, 8, 20, 2, 4, '2015-06-26 02:22:52', '2015-06-26 02:22:52'),
(529, 'Belgian Pale Ale', '24B', 'Belgian Ale', 1.048, 1.054, 1.010, 1.014, 4.8, 5.5, 20, 30, 8, 14, '2015-06-26 02:22:52', '2015-06-26 02:22:52'),
(530, 'Biere de Garde', '24C', 'Belgian Ale', 1.060, 1.080, 1.008, 1.016, 6.0, 8.5, 18, 28, 6, 19, '2015-06-26 02:22:52', '2015-06-26 02:22:52'),
(531, 'Belgian Blond Ale', '25A', 'Strong Belgian Ale', 1.062, 1.075, 1.008, 1.018, 6.0, 7.5, 15, 30, 4, 7, '2015-06-26 02:22:52', '2015-06-26 02:22:52'),
(532, 'Saison', '25B', 'Strong Belgian Ale', 1.048, 1.065, 1.002, 1.008, 3.5, 9.5, 20, 35, 5, 22, '2015-06-26 02:22:52', '2015-06-26 02:22:52'),
(533, 'Belgian Golden Strong Ale', '25C', 'Strong Belgian Ale', 1.070, 1.095, 1.005, 1.016, 7.5, 10.5, 22, 35, 3, 6, '2015-06-26 02:22:52', '2015-06-26 02:22:52'),
(534, 'Trappist Single', '26A', 'Trappist Ale', 1.044, 1.054, 1.004, 1.010, 4.8, 6.0, 25, 45, 3, 5, '2015-06-26 02:22:53', '2015-06-26 02:22:53'),
(535, 'Belgian Dubbel', '26B', 'Trappist Ale', 1.062, 1.075, 1.008, 1.018, 6.0, 7.6, 15, 25, 10, 17, '2015-06-26 02:22:53', '2015-06-26 02:22:53'),
(536, 'Belgian Tripel', '26C', 'Trappist Ale', 1.075, 1.085, 1.008, 1.014, 7.5, 9.5, 20, 40, 5, 7, '2015-06-26 02:22:53', '2015-06-26 02:22:53'),
(537, 'Belgian Dark Strong Ale', '26D', 'Trappist Ale', 1.075, 1.110, 1.010, 1.024, 8.0, 12.0, 20, 35, 12, 22, '2015-06-26 02:22:53', '2015-06-26 02:22:53'),
(538, 'Gose', '27', 'HIstorical Beer', 1.036, 1.056, 1.006, 1.010, 4.2, 4.8, 5, 12, 3, 4, '2015-06-26 02:22:53', '2015-06-26 02:22:53'),
(539, 'Kentuck Common', '27', 'Historical Beer', 1.044, 1.055, 1.010, 1.018, 4.0, 5.0, 15, 30, 11, 20, '2015-06-26 02:22:53', '2015-06-26 02:22:53'),
(540, 'Lichtenhainer', '27', 'Historical Beer', 1.032, 1.040, 1.004, 1.008, 3.5, 4.7, 5, 12, 3, 6, '2015-06-26 02:22:53', '2015-06-26 02:22:53'),
(541, 'London Brown Ale', '27', 'Historical Beer', 1.033, 1.038, 1.012, 1.015, 2.8, 3.6, 15, 20, 22, 35, '2015-06-26 02:22:53', '2015-06-26 02:22:53'),
(542, 'Piwo Grodziskie aka Gratzer', '27', 'Historical Beer', 1.028, 1.032, 1.006, 1.012, 2.5, 3.3, 20, 35, 3, 6, '2015-06-26 02:22:53', '2015-06-26 02:22:53'),
(543, 'Pre-Prohibition Lager', '27', 'Historical Beer', 1.044, 1.060, 1.010, 1.015, 4.5, 6.0, 25, 40, 3, 6, '2015-06-26 02:22:53', '2015-06-26 02:22:53'),
(544, 'Pre-Prohibition Porter', '27', 'Historical Beers', 1.046, 1.060, 1.010, 1.016, 4.5, 6.0, 20, 30, 18, 30, '2015-06-26 02:22:53', '2015-06-26 02:22:53'),
(545, 'Roggenbier', '27', 'Historical Beer', 1.046, 1.056, 1.010, 1.014, 4.5, 6.0, 10, 20, 14, 19, '2015-06-26 02:22:53', '2015-06-26 02:22:53'),
(546, 'Sahti', '27', 'Historical Beer', 1.076, 1.120, 1.016, 1.020, 7.0, 11.0, 7, 15, 4, 22, '2015-06-26 02:22:53', '2015-06-26 02:22:53'),
(547, 'Brett Beer', '28A', 'American Wild Ale', 1.000, 1.120, 1.000, 1.020, 0.0, 12.0, 0, 150, 1, 40, '2015-06-26 02:22:53', '2015-06-26 02:22:53'),
(548, 'Mixed-Fermentation Sour Beer', '28B', 'American Wild Ale', 1.000, 1.120, 1.000, 1.020, 0.0, 12.0, 0, 150, 1, 40, '2015-06-26 02:22:53', '2015-06-26 02:22:53'),
(549, 'Wild Specialty Beer', '28C', 'American Wild Ale', 1.000, 1.120, 1.000, 1.020, 0.0, 12.0, 0, 150, 1, 40, '2015-06-26 02:22:53', '2015-06-26 02:22:53'),
(550, 'Fruit Beer', '29A', 'Fruit Beer', 1.000, 1.120, 1.000, 1.020, 0.0, 12.0, 0, 150, 1, 40, '2015-06-26 02:22:53', '2015-06-26 02:22:53'),
(551, 'Fruit and Spice Beer', '29B', 'Fruit Beer', 1.000, 1.120, 1.000, 1.020, 0.0, 12.0, 0, 150, 1, 40, '2015-06-26 02:22:53', '2015-06-26 02:22:53'),
(552, 'Specialty Fruit Beer', '29C', 'Fruit Beer', 1.000, 1.120, 1.000, 1.020, 0.0, 12.0, 0, 150, 1, 40, '2015-06-26 02:22:53', '2015-06-26 02:22:53'),
(553, 'Spice Herb or Vegetable Beer', '30A', 'Spiced Beer', 1.000, 1.120, 1.000, 1.020, 0.0, 12.0, 0, 150, 1, 40, '2015-06-26 02:22:53', '2015-06-26 02:22:53'),
(554, 'Autumn Seasonal Beer', '30B', 'Spiced Beer', 1.000, 1.120, 1.000, 1.020, 0.0, 12.0, 0, 150, 1, 40, '2015-06-26 02:22:53', '2015-06-26 02:22:53'),
(555, 'Winter Seasonal', '30C', 'Spiced Beer', 1.000, 1.120, 1.000, 1.020, 0.0, 12.0, 0, 150, 1, 40, '2015-06-26 02:22:53', '2015-06-26 02:22:53'),
(556, 'Alternative Grain Beer', '31A', 'Alternative Fermentables  Beer', 1.000, 1.120, 1.000, 1.020, 0.0, 12.0, 0, 150, 1, 40, '2015-06-26 02:22:53', '2015-06-26 02:22:53'),
(557, 'Alternative Sugar Beer', '31B', 'Alternative Fermentables  Beer', 1.000, 1.120, 1.000, 1.020, 0.0, 12.0, 0, 150, 1, 40, '2015-06-26 02:22:53', '2015-06-26 02:22:53'),
(558, 'Classic Style Smoked Beer', '32A', 'Smoked Beer', 1.000, 1.120, 1.000, 1.020, 0.0, 12.0, 0, 150, 1, 40, '2015-06-26 02:22:53', '2015-06-26 02:22:53'),
(559, 'Specialty Smoked Beer', '32B', 'Smoked Beer', 1.000, 1.120, 1.000, 1.020, 0.0, 12.0, 0, 150, 1, 40, '2015-06-26 02:22:53', '2015-06-26 02:22:53'),
(560, 'Wood Aged Beer', '33A', 'Wood Beer', 1.000, 1.120, 1.000, 1.020, 0.0, 12.0, 0, 150, 1, 40, '2015-06-26 02:22:53', '2015-06-26 02:22:53'),
(561, 'Specialty Wood-Aged Beer', '33B', 'Wood Beer', 1.000, 1.120, 1.000, 1.020, 0.0, 12.0, 0, 150, 1, 40, '2015-06-26 02:22:53', '2015-06-26 02:22:53'),
(562, 'Clone Beer', '34A', 'Specialty Beer', 1.000, 1.120, 1.000, 1.020, 0.0, 12.0, 0, 150, 1, 40, '2015-06-26 02:22:53', '2015-06-26 02:22:53'),
(563, 'Mixed Style Beer', '34B', 'Specialty Beer', 1.000, 1.120, 1.000, 1.020, 0.0, 12.0, 0, 150, 1, 40, '2015-06-26 02:22:53', '2015-06-26 02:22:53'),
(564, 'Experimental Beer', '34C', 'Specialty Beer', 1.000, 1.120, 1.000, 1.020, 0.0, 12.0, 0, 150, 1, 40, '2015-06-26 02:22:53', '2015-06-26 02:22:53'),
(565, 'Dry Mead', 'M1A', 'Traditional Mead', 1.035, 1.170, 0.990, 1.050, 3.5, 18.0, 0, 0, 0, 0, '2015-06-26 02:22:54', '2015-06-26 02:22:54'),
(566, 'Semi Sweet Mead', 'M1B', 'Traditional Mead', 1.035, 1.170, 0.990, 1.050, 3.5, 18.0, 0, 0, 0, 0, '2015-06-26 02:22:54', '2015-06-26 02:22:54'),
(567, 'Sweet Mead', 'M1C', 'Traditional Mead', 1.035, 1.170, 0.990, 1.050, 3.5, 18.0, 0, 0, 0, 0, '2015-06-26 02:22:54', '2015-06-26 02:22:54'),
(568, 'Cyser', 'M2A', 'Fruit Mead', 1.035, 1.170, 0.990, 1.050, 3.5, 18.0, 0, 0, 0, 0, '2015-06-26 02:22:54', '2015-06-26 02:22:54'),
(569, 'Pyment', 'M2B', 'Fruit Mead', 1.035, 1.170, 0.990, 1.050, 3.5, 18.0, 0, 0, 0, 0, '2015-06-26 02:22:54', '2015-06-26 02:22:54'),
(570, 'Berry Mead', 'M2C', 'Fruit Mead', 1.035, 1.170, 0.990, 1.050, 3.5, 18.0, 0, 0, 0, 0, '2015-06-26 02:22:54', '2015-06-26 02:22:54'),
(571, 'Stone Fruit Mead', 'M2D', 'Fruit Mead', 1.035, 1.170, 0.990, 1.050, 3.5, 18.0, 0, 0, 0, 0, '2015-06-26 02:22:54', '2015-06-26 02:22:54'),
(572, 'Melomel', 'M2E', 'Fruit Mead', 1.035, 1.170, 0.990, 1.050, 3.5, 18.0, 0, 0, 0, 0, '2015-06-26 02:22:54', '2015-06-26 02:22:54'),
(573, 'Fruit and Spiced Mead', 'M3A', 'Spiced Mead', 1.035, 1.170, 0.990, 1.050, 3.5, 18.0, 0, 0, 0, 0, '2015-06-26 02:22:54', '2015-06-26 02:22:54'),
(574, 'Spice Herb or Vegetable Mead', 'M3B', 'Spiced Mead', 1.035, 1.170, 0.990, 1.050, 3.5, 18.0, 0, 0, 0, 0, '2015-06-26 02:22:54', '2015-06-26 02:22:54'),
(575, 'Braggot', 'M4A', 'Specialty Mead', 1.035, 1.170, 0.990, 1.050, 3.5, 18.0, 0, 0, 0, 0, '2015-06-26 02:22:54', '2015-06-26 02:22:54'),
(576, 'Historical Mead', 'M4B', 'Specialty Mead', 1.035, 1.170, 0.990, 1.050, 3.5, 18.0, 0, 0, 0, 0, '2015-06-26 02:22:54', '2015-06-26 02:22:54'),
(577, 'Experimental Mead', 'M4C', 'Specialty Mead', 1.035, 1.170, 0.990, 1.050, 3.5, 18.0, 0, 0, 0, 0, '2015-06-26 02:22:54', '2015-06-26 02:22:54'),
(578, 'New World Cider', 'C1A', 'Standard Cider and Perry', 1.045, 1.065, 0.995, 1.020, 5.0, 8.0, 0, 0, 0, 40, '2015-06-26 02:22:54', '2015-06-26 02:22:54'),
(579, 'English Cider', 'C1B', 'Standard Cider and Perry', 1.050, 1.075, 0.995, 1.015, 6.0, 9.0, 0, 0, 0, 40, '2015-06-26 02:22:54', '2015-06-26 02:22:54'),
(580, 'French Cider', 'C1C', 'Standard Cider and Perry', 1.050, 1.065, 1.010, 1.020, 3.0, 6.0, 0, 0, 0, 40, '2015-06-26 02:22:54', '2015-06-26 02:22:54'),
(581, 'New World Perry', 'C1D', 'Standard Cider and Perry', 1.050, 1.060, 1.000, 1.020, 5.0, 7.0, 0, 0, 0, 40, '2015-06-26 02:22:54', '2015-06-26 02:22:54'),
(582, 'Traditional Perry', 'C1E', 'Standard Cider and Perry', 1.050, 1.070, 1.000, 1.020, 5.0, 9.0, 0, 0, 0, 40, '2015-06-26 02:22:54', '2015-06-26 02:22:54'),
(583, 'New England Cider', 'C2A', 'Specialty Cider and Perry', 1.060, 1.100, 0.995, 1.020, 7.0, 13.0, 0, 0, 0, 40, '2015-06-26 02:22:54', '2015-06-26 02:22:54'),
(584, 'Cider with Other Fruit', 'C2B', 'Specialty Cider and Perry', 1.045, 1.070, 0.995, 1.010, 5.0, 9.0, 0, 0, 0, 40, '2015-06-26 02:22:54', '2015-06-26 02:22:54'),
(585, 'Applewine', 'C2C', 'Specialty Cider and Perry', 1.070, 1.100, 0.995, 1.020, 9.0, 12.0, 0, 0, 0, 40, '2015-06-26 02:22:54', '2015-06-26 02:22:54'),
(586, 'Ice Cider', 'C2D', 'Specialty Cider and Perry', 1.130, 1.180, 1.060, 1.085, 7.0, 13.0, 0, 0, 0, 40, '2015-06-26 02:22:54', '2015-06-26 02:22:54'),
(587, 'Cider with Herb and Spcies', 'C2E', 'Specialty Cider and Perry', 1.045, 1.070, 0.995, 1.010, 5.0, 9.0, 0, 0, 0, 40, '2015-06-26 02:22:54', '2015-06-26 02:22:54'),
(588, 'Specialty Cider and Perry', 'C2F', 'Specialty Cider and Perry', 1.045, 1.100, 0.995, 1.020, 5.0, 12.0, 0, 0, 0, 40, '2015-06-26 02:22:54', '2015-06-26 02:22:54'),
(589, '_Non-Alcoholic Beer', 'N/A', 'Non Alcoholic Beer', 1.000, 1.000, 1.000, 1.000, 0.0, 0.0, 0, 0, 0, 40, '2015-06-26 02:22:54', '2015-06-26 02:22:54'),
(590, '_Non-Beer: Wine', 'N/A', 'Wine', 1.000, 1.000, 1.000, 1.000, 0.0, 0.0, 0, 0, 0, 40, '2015-06-26 02:22:54', '2015-06-26 02:22:54'),
(591, '_Non-Beer: Kombucha', 'N/A', 'Kombucha', 1.000, 1.000, 1.000, 1.000, 0.0, 0.0, 0, 0, 0, 40, '2015-06-26 02:22:54', '2015-06-26 02:22:54'),
(592, '_Non-Beer: Tea', 'N/A', 'Tea', 1.000, 1.000, 1.000, 1.000, 0.0, 0.0, 0, 0, 0, 40, '2015-06-26 02:22:54', '2015-06-26 02:22:54'),
(593, '_Non-Beer: Coffee', 'N/A', 'Coffee', 1.000, 1.000, 1.000, 1.000, 0.0, 0.0, 0, 0, 0, 40, '2015-06-26 02:22:54', '2015-06-26 02:22:54'),
(594, '_Non-Beer: Fruit Juice', 'N/A', 'Fruit Juice', 1.000, 1.000, 1.000, 1.000, 0.0, 0.0, 0, 0, 0, 40, '2015-06-26 02:22:54', '2015-06-26 02:22:54'),
(595, '_Non-Beer: Fruit Drink', 'N/A', 'Fruit Drink', 1.000, 1.000, 1.000, 1.000, 0.0, 0.0, 0, 0, 0, 40, '2015-06-26 02:22:54', '2015-06-26 02:22:54'),
(596, '_Non-Beer: Seltzer Water', 'N/A', 'WSeltzer Water', 1.000, 1.000, 1.000, 1.000, 0.0, 0.0, 0, 0, 0, 40, '2015-06-26 02:22:54', '2015-06-26 02:22:54'),
(597, '_Non-Beer: Fruit Soda', 'N/A', 'Fruit Soda', 1.000, 1.000, 1.000, 1.000, 0.0, 0.0, 0, 0, 0, 40, '2015-06-26 02:22:55', '2015-06-26 02:22:55'),
(598, '_Non-Beer: Rootbeer', 'N/A', 'Rootbeer', 1.000, 1.000, 1.000, 1.000, 0.0, 0.0, 0, 0, 0, 40, '2015-06-26 02:22:55', '2015-06-26 02:22:55');

-- --------------------------------------------------------

--
-- Table structure for table `config`
--

CREATE TABLE IF NOT EXISTS `config` (
  `id` int(11) NOT NULL AUTO_INCREMENT,
  `configName` varchar(50) NOT NULL,
  `configValue` longtext NOT NULL,
  `displayName` varchar(65) NOT NULL,
  `showOnPanel` tinyint(2) NOT NULL,
  `createdDate` timestamp NULL DEFAULT NULL,
  `modifiedDate` timestamp NULL DEFAULT NULL,
  PRIMARY KEY (`id`),
  UNIQUE KEY `configName_UNIQUE` (`configName`)
) ENGINE=InnoDB  DEFAULT CHARSET=latin1 AUTO_INCREMENT=15 ;

--
-- Dumping data for table `config`
--

INSERT INTO `config` (`id`, `configName`, `configValue`, `displayName`, `showOnPanel`, `createdDate`, `modifiedDate`) VALUES
(1, 'showTapNumCol', '1', 'Tap Column', 1, '2015-05-23 16:16:35', '2015-05-23 16:16:35'),
(2, 'showSrmCol', '1', 'SRM Column', 1, '2015-05-23 16:16:35', '2015-05-23 16:16:35'),
(3, 'showIbuCol', '1', 'IBU Column', 1, '2015-05-23 16:16:35', '2015-05-23 16:16:35'),
(4, 'showAbvCol', '1', 'ABV Column', 1, '2015-05-23 16:16:35', '2015-05-23 16:16:35'),
(5, 'showAbvImg', '1', 'ABV Images', 1, '2015-05-23 16:16:35', '2015-05-23 16:16:35'),
(6, 'showKegCol', '0', 'Keg Column', 1, '2015-05-23 16:16:35', '2015-05-23 16:16:35'),
(7, 'useHighResolution', '0', '4k Monitor Support', 1, '2015-05-23 16:16:35', '2015-05-23 16:16:35'),
(8, 'logoUrl', 'img/logo.png', 'Logo Url', 0, '2015-05-23 16:16:35', '2015-05-23 16:16:35'),
(9, 'adminLogoUrl', 'admin/img/logo.png', 'Admin Logo Url', 0, '2015-05-23 16:16:35', '2015-05-23 16:16:35'),
(10, 'headerText', 'Currently On Tap', 'Header Text', 0, '2015-05-23 16:16:35', '2015-05-23 16:16:35'),
(11, 'numberOfTaps', '4', 'Number of Taps', 0, '2015-05-23 16:16:35', '2015-06-26 05:53:10'),
(12, 'version', '1.0.3.395', 'Version', 0, '2015-05-23 16:16:35', '2015-05-23 16:16:35'),
(13, 'headerTextTruncLen', '20', 'Header Text Truncate Length', 0, '2015-05-23 16:16:35', '2015-05-23 16:16:35'),
(14, 'useFlowMeter', '0', 'Use Flow Monitoring', 1, '2015-05-23 16:16:35', '2015-05-23 16:16:35');

-- --------------------------------------------------------

--
-- Table structure for table `kegs`
--

CREATE TABLE IF NOT EXISTS `kegs` (
  `id` int(11) NOT NULL AUTO_INCREMENT,
  `label` int(11) NOT NULL,
  `kegTypeId` int(11) NOT NULL,
  `make` text NOT NULL,
  `model` text NOT NULL,
  `serial` text NOT NULL,
  `stampedOwner` text NOT NULL,
  `stampedLoc` text NOT NULL,
  `notes` text NOT NULL,
  `kegStatusCode` varchar(20) NOT NULL,
  `weight` decimal(11,4) NOT NULL,
  `active` tinyint(1) NOT NULL DEFAULT '1',
  `createdDate` timestamp NULL DEFAULT NULL,
  `modifiedDate` timestamp NULL DEFAULT NULL,
  PRIMARY KEY (`id`),
  KEY `kegStatusCode` (`kegStatusCode`),
  KEY `kegTypeId` (`kegTypeId`)
) ENGINE=InnoDB  DEFAULT CHARSET=latin1 AUTO_INCREMENT=9 ;

--
-- Dumping data for table `kegs`
--

INSERT INTO `kegs` (`id`, `label`, `kegTypeId`, `make`, `model`, `serial`, `stampedOwner`, `stampedLoc`, `notes`, `kegStatusCode`, `weight`, `active`, `createdDate`, `modifiedDate`) VALUES
(1, 1, 1, 'Corny', 'Corny', '1', 'na', 'na', 'Ball Lock 1 of 2 , 5 Gallon', 'SERVING', 1.0000, 1, '2015-05-23 16:26:49', '2015-06-20 17:23:27'),
(2, 2, 1, 'Corny', 'Corny', '2', 'na', 'na', '5 Gallon Ball Lock, good condition.', 'NEEDS_CLEANING', 1.0000, 1, '2015-05-23 16:27:36', '2015-06-17 16:12:00'),
(3, 3, 5, 'Corny', 'Corny', '3', 'na', 'na', 'Needs new post valves. leaking.', 'SERVING', 1.0000, 1, '2015-05-23 16:29:06', '2015-05-23 16:44:41'),
(4, 4, 5, 'Corny', 'Corny', '4', 'Na', 'na', 'Good', 'SERVING', 1.0000, 1, '2015-05-23 16:29:33', '2015-06-17 16:12:54'),
(5, 5, 16, 'Corny', 'Corny', '5', 'na', 'na', 'good', 'CLEAN', 1.0000, 1, '2015-05-23 16:30:07', '2015-05-23 16:30:07'),
(6, 6, 16, 'Corny', 'Corny', '6', 'na', 'na', 'good\r\n****** Belgian Bourbon Barrel Dubbel is in it *******', 'CLEAN', 1.0000, 1, '2015-05-23 16:30:29', '2015-05-23 16:46:40'),
(7, 7, 16, 'Corny', 'Corny', '7', 'na', 'na', 'good\r\n*********************  JASON USING  *******************************', 'CLEAN', 1.0000, 1, '2015-05-23 16:31:02', '2015-05-23 16:31:53'),
(8, 8, 16, 'Corny', 'Corny', '8', 'na', 'na', 'good', 'CLEAN', 1.0000, 1, '2015-05-23 16:31:36', '2015-05-23 16:31:36');

-- --------------------------------------------------------

--
-- Table structure for table `kegStatuses`
--

CREATE TABLE IF NOT EXISTS `kegStatuses` (
  `code` varchar(20) NOT NULL,
  `name` text NOT NULL,
  `createdDate` timestamp NULL DEFAULT NULL,
  `modifiedDate` timestamp NULL DEFAULT NULL,
  PRIMARY KEY (`code`)
) ENGINE=InnoDB DEFAULT CHARSET=latin1;

--
-- Dumping data for table `kegStatuses`
--

INSERT INTO `kegStatuses` (`code`, `name`, `createdDate`, `modifiedDate`) VALUES
('CLEAN', 'Clean', '2015-05-23 16:16:36', '2015-05-23 16:16:36'),
('CONDITIONING', 'Conditioning', '2015-05-23 16:16:36', '2015-05-23 16:16:36'),
('NEEDS_CLEANING', 'Needs Cleaning', '2015-05-23 16:16:36', '2015-05-23 16:16:36'),
('NEEDS_PARTS', 'Needs Parts', '2015-05-23 16:16:36', '2015-05-23 16:16:36'),
('SERVING', 'Serving', '2015-05-23 16:16:36', '2015-05-23 16:16:36');

-- --------------------------------------------------------

--
-- Table structure for table `kegTypes`
--

CREATE TABLE IF NOT EXISTS `kegTypes` (
  `id` int(11) NOT NULL AUTO_INCREMENT,
  `displayName` text NOT NULL,
  `maxAmount` decimal(6,2) NOT NULL,
  `createdDate` timestamp NULL DEFAULT NULL,
  `modifiedDate` timestamp NULL DEFAULT NULL,
  PRIMARY KEY (`id`)
) ENGINE=InnoDB  DEFAULT CHARSET=latin1 AUTO_INCREMENT=17 ;

--
-- Dumping data for table `kegTypes`
--

INSERT INTO `kegTypes` (`id`, `displayName`, `maxAmount`, `createdDate`, `modifiedDate`) VALUES
(1, 'Ball Lock (5 gal)', 5.00, '2015-05-23 16:16:35', '2015-05-23 16:16:35'),
(2, 'Ball Lock (2.5 gal)', 2.50, '2015-05-23 16:16:35', '2015-05-23 16:16:35'),
(3, 'Ball Lock (3 gal)', 3.00, '2015-05-23 16:16:35', '2015-05-23 16:16:35'),
(5, 'Pin Lock (5 gal)', 5.00, '2015-05-23 16:16:35', '2015-05-23 16:16:35'),
(16, 'Pin Lock (3 gal)', 3.00, '2015-05-23 16:16:35', '2015-05-23 16:16:35');

-- --------------------------------------------------------

--
-- Table structure for table `pours`
--

CREATE TABLE IF NOT EXISTS `pours` (
  `id` int(11) NOT NULL AUTO_INCREMENT,
  `tapId` int(11) NOT NULL,
  `pinId` int(11) DEFAULT NULL,
  `amountPoured` float(6,3) NOT NULL,
  `pulses` int(6) NOT NULL,
  `createdDate` timestamp NULL DEFAULT NULL,
  `modifiedDate` timestamp NULL DEFAULT NULL,
  PRIMARY KEY (`id`),
  KEY `tapId` (`tapId`)
) ENGINE=InnoDB DEFAULT CHARSET=latin1 AUTO_INCREMENT=1 ;

-- --------------------------------------------------------

--
-- Table structure for table `srmRgb`
--

CREATE TABLE IF NOT EXISTS `srmRgb` (
  `id` int(11) NOT NULL AUTO_INCREMENT,
  `srm` decimal(3,1) NOT NULL,
  `rgb` varchar(12) NOT NULL,
  `createdDate` timestamp NULL DEFAULT NULL,
  `modifiedDate` timestamp NULL DEFAULT NULL,
  PRIMARY KEY (`id`),
  UNIQUE KEY `srm_UNIQUE` (`srm`)
) ENGINE=InnoDB  DEFAULT CHARSET=latin1 AUTO_INCREMENT=402 ;

--
-- Dumping data for table `srmRgb`
--

INSERT INTO `srmRgb` (`id`, `srm`, `rgb`, `createdDate`, `modifiedDate`) VALUES
(1, 0.0, '252,252,243', '2015-05-23 16:16:36', '2015-05-23 16:16:36'),
(2, 0.1, '248,248,230', '2015-05-23 16:16:36', '2015-05-23 16:16:36'),
(3, 0.2, '248,248,220', '2015-05-23 16:16:36', '2015-05-23 16:16:36'),
(4, 0.3, '247,247,199', '2015-05-23 16:16:36', '2015-05-23 16:16:36'),
(5, 0.4, '244,249,185', '2015-05-23 16:16:36', '2015-05-23 16:16:36'),
(6, 0.5, '247,249,180', '2015-05-23 16:16:36', '2015-05-23 16:16:36'),
(7, 0.6, '248,249,178', '2015-05-23 16:16:36', '2015-05-23 16:16:36'),
(8, 0.7, '244,246,169', '2015-05-23 16:16:36', '2015-05-23 16:16:36'),
(9, 0.8, '245,247,166', '2015-05-23 16:16:36', '2015-05-23 16:16:36'),
(10, 0.9, '246,247,156', '2015-05-23 16:16:36', '2015-05-23 16:16:36'),
(11, 1.0, '243,249,147', '2015-05-23 16:16:36', '2015-05-23 16:16:36'),
(12, 1.1, '246,248,141', '2015-05-23 16:16:36', '2015-05-23 16:16:36'),
(13, 1.2, '246,249,136', '2015-05-23 16:16:36', '2015-05-23 16:16:36'),
(14, 1.3, '245,250,128', '2015-05-23 16:16:36', '2015-05-23 16:16:36'),
(15, 1.4, '246,249,121', '2015-05-23 16:16:36', '2015-05-23 16:16:36'),
(16, 1.5, '248,249,114', '2015-05-23 16:16:36', '2015-05-23 16:16:36'),
(17, 1.6, '243,249,104', '2015-05-23 16:16:36', '2015-05-23 16:16:36'),
(18, 1.7, '246,248,107', '2015-05-23 16:16:36', '2015-05-23 16:16:36'),
(19, 1.8, '248,247,99', '2015-05-23 16:16:36', '2015-05-23 16:16:36'),
(20, 1.9, '245,247,92', '2015-05-23 16:16:36', '2015-05-23 16:16:36'),
(21, 2.0, '248,247,83', '2015-05-23 16:16:36', '2015-05-23 16:16:36'),
(22, 2.1, '244,248,72', '2015-05-23 16:16:36', '2015-05-23 16:16:36'),
(23, 2.2, '248,247,73', '2015-05-23 16:16:36', '2015-05-23 16:16:36'),
(24, 2.3, '246,247,62', '2015-05-23 16:16:36', '2015-05-23 16:16:36'),
(25, 2.4, '241,248,53', '2015-05-23 16:16:36', '2015-05-23 16:16:36'),
(26, 2.5, '244,247,48', '2015-05-23 16:16:36', '2015-05-23 16:16:36'),
(27, 2.6, '246,249,40', '2015-05-23 16:16:36', '2015-05-23 16:16:36'),
(28, 2.7, '243,249,34', '2015-05-23 16:16:36', '2015-05-23 16:16:36'),
(29, 2.8, '245,247,30', '2015-05-23 16:16:36', '2015-05-23 16:16:36'),
(30, 2.9, '248,245,22', '2015-05-23 16:16:36', '2015-05-23 16:16:36'),
(31, 3.0, '246,245,19', '2015-05-23 16:16:36', '2015-05-23 16:16:36'),
(32, 3.1, '244,242,22', '2015-05-23 16:16:36', '2015-05-23 16:16:36'),
(33, 3.2, '244,240,21', '2015-05-23 16:16:36', '2015-05-23 16:16:36'),
(34, 3.3, '243,242,19', '2015-05-23 16:16:36', '2015-05-23 16:16:36'),
(35, 3.4, '244,238,24', '2015-05-23 16:16:36', '2015-05-23 16:16:36'),
(36, 3.5, '244,237,29', '2015-05-23 16:16:36', '2015-05-23 16:16:36'),
(37, 3.6, '238,233,22', '2015-05-23 16:16:36', '2015-05-23 16:16:36'),
(38, 3.7, '240,233,23', '2015-05-23 16:16:36', '2015-05-23 16:16:36'),
(39, 3.8, '238,231,25', '2015-05-23 16:16:36', '2015-05-23 16:16:36'),
(40, 3.9, '234,230,21', '2015-05-23 16:16:36', '2015-05-23 16:16:36'),
(41, 4.0, '236,230,26', '2015-05-23 16:16:36', '2015-05-23 16:16:36'),
(42, 4.1, '230,225,24', '2015-05-23 16:16:36', '2015-05-23 16:16:36'),
(43, 4.2, '232,225,25', '2015-05-23 16:16:36', '2015-05-23 16:16:36'),
(44, 4.3, '230,221,27', '2015-05-23 16:16:36', '2015-05-23 16:16:36'),
(45, 4.4, '224,218,23', '2015-05-23 16:16:36', '2015-05-23 16:16:36'),
(46, 4.5, '229,216,31', '2015-05-23 16:16:36', '2015-05-23 16:16:36'),
(47, 4.6, '229,214,30', '2015-05-23 16:16:36', '2015-05-23 16:16:36'),
(48, 4.7, '223,213,26', '2015-05-23 16:16:36', '2015-05-23 16:16:36'),
(49, 4.8, '226,213,28', '2015-05-23 16:16:36', '2015-05-23 16:16:36'),
(50, 4.9, '223,209,29', '2015-05-23 16:16:36', '2015-05-23 16:16:36'),
(51, 5.0, '224,208,27', '2015-05-23 16:16:36', '2015-05-23 16:16:36'),
(52, 5.1, '224,204,32', '2015-05-23 16:16:36', '2015-05-23 16:16:36'),
(53, 5.2, '221,204,33', '2015-05-23 16:16:36', '2015-05-23 16:16:36'),
(54, 5.3, '220,203,29', '2015-05-23 16:16:36', '2015-05-23 16:16:36'),
(55, 5.4, '218,200,32', '2015-05-23 16:16:36', '2015-05-23 16:16:36'),
(56, 5.5, '220,197,34', '2015-05-23 16:16:36', '2015-05-23 16:16:36'),
(57, 5.6, '218,196,41', '2015-05-23 16:16:36', '2015-05-23 16:16:36'),
(58, 5.7, '217,194,43', '2015-05-23 16:16:36', '2015-05-23 16:16:36'),
(59, 5.8, '216,192,39', '2015-05-23 16:16:36', '2015-05-23 16:16:36'),
(60, 5.9, '213,190,37', '2015-05-23 16:16:36', '2015-05-23 16:16:36'),
(61, 6.0, '213,188,38', '2015-05-23 16:16:36', '2015-05-23 16:16:36'),
(62, 6.1, '212,184,39', '2015-05-23 16:16:36', '2015-05-23 16:16:36'),
(63, 6.2, '214,183,43', '2015-05-23 16:16:36', '2015-05-23 16:16:36'),
(64, 6.3, '213,180,45', '2015-05-23 16:16:36', '2015-05-23 16:16:36'),
(65, 6.4, '210,179,41', '2015-05-23 16:16:36', '2015-05-23 16:16:36'),
(66, 6.5, '208,178,42', '2015-05-23 16:16:36', '2015-05-23 16:16:36'),
(67, 6.6, '208,176,46', '2015-05-23 16:16:36', '2015-05-23 16:16:36'),
(68, 6.7, '204,172,48', '2015-05-23 16:16:36', '2015-05-23 16:16:36'),
(69, 6.8, '204,172,52', '2015-05-23 16:16:36', '2015-05-23 16:16:36'),
(70, 6.9, '205,170,55', '2015-05-23 16:16:36', '2015-05-23 16:16:36'),
(71, 7.0, '201,167,50', '2015-05-23 16:16:36', '2015-05-23 16:16:36'),
(72, 7.1, '202,167,52', '2015-05-23 16:16:36', '2015-05-23 16:16:36'),
(73, 7.2, '201,166,51', '2015-05-23 16:16:36', '2015-05-23 16:16:36'),
(74, 7.3, '199,162,54', '2015-05-23 16:16:36', '2015-05-23 16:16:36'),
(75, 7.4, '198,160,56', '2015-05-23 16:16:36', '2015-05-23 16:16:36'),
(76, 7.5, '200,158,60', '2015-05-23 16:16:36', '2015-05-23 16:16:36'),
(77, 7.6, '194,156,54', '2015-05-23 16:16:36', '2015-05-23 16:16:36'),
(78, 7.7, '196,155,54', '2015-05-23 16:16:36', '2015-05-23 16:16:36'),
(79, 7.8, '198,151,60', '2015-05-23 16:16:36', '2015-05-23 16:16:36'),
(80, 7.9, '193,150,60', '2015-05-23 16:16:36', '2015-05-23 16:16:36'),
(81, 8.0, '191,146,59', '2015-05-23 16:16:36', '2015-05-23 16:16:36'),
(82, 8.1, '190,147,57', '2015-05-23 16:16:36', '2015-05-23 16:16:36'),
(83, 8.2, '190,147,59', '2015-05-23 16:16:36', '2015-05-23 16:16:36'),
(84, 8.3, '190,145,60', '2015-05-23 16:16:36', '2015-05-23 16:16:36'),
(85, 8.4, '186,148,56', '2015-05-23 16:16:36', '2015-05-23 16:16:36'),
(86, 8.5, '190,145,58', '2015-05-23 16:16:36', '2015-05-23 16:16:36'),
(87, 8.6, '193,145,59', '2015-05-23 16:16:36', '2015-05-23 16:16:36'),
(88, 8.7, '190,145,58', '2015-05-23 16:16:36', '2015-05-23 16:16:36'),
(89, 8.8, '191,143,59', '2015-05-23 16:16:36', '2015-05-23 16:16:36'),
(90, 8.9, '191,141,61', '2015-05-23 16:16:36', '2015-05-23 16:16:36'),
(91, 9.0, '190,140,58', '2015-05-23 16:16:36', '2015-05-23 16:16:36'),
(92, 9.1, '192,140,61', '2015-05-23 16:16:36', '2015-05-23 16:16:36'),
(93, 9.2, '193,138,62', '2015-05-23 16:16:36', '2015-05-23 16:16:36'),
(94, 9.3, '192,137,59', '2015-05-23 16:16:36', '2015-05-23 16:16:36'),
(95, 9.4, '193,136,59', '2015-05-23 16:16:36', '2015-05-23 16:16:36'),
(96, 9.5, '195,135,63', '2015-05-23 16:16:36', '2015-05-23 16:16:36'),
(97, 9.6, '191,136,58', '2015-05-23 16:16:36', '2015-05-23 16:16:36'),
(98, 9.7, '191,134,67', '2015-05-23 16:16:36', '2015-05-23 16:16:36'),
(99, 9.8, '193,131,67', '2015-05-23 16:16:36', '2015-05-23 16:16:36'),
(100, 9.9, '190,130,58', '2015-05-23 16:16:36', '2015-05-23 16:16:36'),
(101, 10.0, '191,129,58', '2015-05-23 16:16:36', '2015-05-23 16:16:36'),
(102, 10.1, '191,131,57', '2015-05-23 16:16:36', '2015-05-23 16:16:36'),
(103, 10.2, '191,129,58', '2015-05-23 16:16:36', '2015-05-23 16:16:36'),
(104, 10.3, '191,129,58', '2015-05-23 16:16:36', '2015-05-23 16:16:36'),
(105, 10.4, '190,129,55', '2015-05-23 16:16:36', '2015-05-23 16:16:36'),
(106, 10.5, '191,127,59', '2015-05-23 16:16:36', '2015-05-23 16:16:36'),
(107, 10.6, '194,126,59', '2015-05-23 16:16:36', '2015-05-23 16:16:36'),
(108, 10.7, '188,128,54', '2015-05-23 16:16:36', '2015-05-23 16:16:36'),
(109, 10.8, '190,124,55', '2015-05-23 16:16:36', '2015-05-23 16:16:36'),
(110, 10.9, '193,122,55', '2015-05-23 16:16:36', '2015-05-23 16:16:36'),
(111, 11.0, '190,124,55', '2015-05-23 16:16:36', '2015-05-23 16:16:36'),
(112, 11.1, '194,121,59', '2015-05-23 16:16:36', '2015-05-23 16:16:36'),
(113, 11.2, '193,120,56', '2015-05-23 16:16:36', '2015-05-23 16:16:36'),
(114, 11.3, '190,119,52', '2015-05-23 16:16:36', '2015-05-23 16:16:36'),
(115, 11.4, '182,117,54', '2015-05-23 16:16:36', '2015-05-23 16:16:36'),
(116, 11.5, '196,116,59', '2015-05-23 16:16:36', '2015-05-23 16:16:36'),
(117, 11.6, '191,118,56', '2015-05-23 16:16:36', '2015-05-23 16:16:36'),
(118, 11.7, '190,116,57', '2015-05-23 16:16:36', '2015-05-23 16:16:36'),
(119, 11.8, '191,115,58', '2015-05-23 16:16:36', '2015-05-23 16:16:36'),
(120, 11.9, '189,115,56', '2015-05-23 16:16:36', '2015-05-23 16:16:36'),
(121, 12.0, '191,113,56', '2015-05-23 16:16:36', '2015-05-23 16:16:36'),
(122, 12.1, '191,113,53', '2015-05-23 16:16:36', '2015-05-23 16:16:36'),
(123, 12.2, '188,112,57', '2015-05-23 16:16:36', '2015-05-23 16:16:36'),
(124, 12.3, '190,112,55', '2015-05-23 16:16:36', '2015-05-23 16:16:36'),
(125, 12.4, '184,110,52', '2015-05-23 16:16:36', '2015-05-23 16:16:36'),
(126, 12.5, '188,109,55', '2015-05-23 16:16:36', '2015-05-23 16:16:36'),
(127, 12.6, '189,109,55', '2015-05-23 16:16:36', '2015-05-23 16:16:36'),
(128, 12.7, '186,106,50', '2015-05-23 16:16:36', '2015-05-23 16:16:36'),
(129, 12.8, '190,103,52', '2015-05-23 16:16:36', '2015-05-23 16:16:36'),
(130, 12.9, '189,104,54', '2015-05-23 16:16:36', '2015-05-23 16:16:36'),
(131, 13.0, '188,103,51', '2015-05-23 16:16:36', '2015-05-23 16:16:36'),
(132, 13.1, '188,103,51', '2015-05-23 16:16:36', '2015-05-23 16:16:36'),
(133, 13.2, '186,101,51', '2015-05-23 16:16:36', '2015-05-23 16:16:36'),
(134, 13.3, '186,102,56', '2015-05-23 16:16:36', '2015-05-23 16:16:36'),
(135, 13.4, '185,100,56', '2015-05-23 16:16:36', '2015-05-23 16:16:36'),
(136, 13.5, '185,98,59', '2015-05-23 16:16:36', '2015-05-23 16:16:36'),
(137, 13.6, '183,98,54', '2015-05-23 16:16:36', '2015-05-23 16:16:36'),
(138, 13.7, '181,100,53', '2015-05-23 16:16:36', '2015-05-23 16:16:36'),
(139, 13.8, '182,97,55', '2015-05-23 16:16:36', '2015-05-23 16:16:36'),
(140, 13.9, '177,97,51', '2015-05-23 16:16:36', '2015-05-23 16:16:36'),
(141, 14.0, '178,96,51', '2015-05-23 16:16:36', '2015-05-23 16:16:36'),
(142, 14.1, '176,96,49', '2015-05-23 16:16:36', '2015-05-23 16:16:36'),
(143, 14.2, '177,96,55', '2015-05-23 16:16:36', '2015-05-23 16:16:36'),
(144, 14.3, '178,95,55', '2015-05-23 16:16:36', '2015-05-23 16:16:36'),
(145, 14.4, '171,94,55', '2015-05-23 16:16:36', '2015-05-23 16:16:36'),
(146, 14.5, '171,92,56', '2015-05-23 16:16:36', '2015-05-23 16:16:36'),
(147, 14.6, '172,93,59', '2015-05-23 16:16:36', '2015-05-23 16:16:36'),
(148, 14.7, '168,92,55', '2015-05-23 16:16:36', '2015-05-23 16:16:36'),
(149, 14.8, '169,90,54', '2015-05-23 16:16:36', '2015-05-23 16:16:36'),
(150, 14.9, '168,88,57', '2015-05-23 16:16:36', '2015-05-23 16:16:36'),
(151, 15.0, '165,89,54', '2015-05-23 16:16:36', '2015-05-23 16:16:36'),
(152, 15.1, '166,88,54', '2015-05-23 16:16:36', '2015-05-23 16:16:36'),
(153, 15.2, '165,88,58', '2015-05-23 16:16:36', '2015-05-23 16:16:36'),
(154, 15.3, '161,88,52', '2015-05-23 16:16:36', '2015-05-23 16:16:36'),
(155, 15.4, '163,85,55', '2015-05-23 16:16:36', '2015-05-23 16:16:36'),
(156, 15.5, '160,86,56', '2015-05-23 16:16:36', '2015-05-23 16:16:36'),
(157, 15.6, '158,85,57', '2015-05-23 16:16:36', '2015-05-23 16:16:36'),
(158, 15.7, '158,86,54', '2015-05-23 16:16:36', '2015-05-23 16:16:36'),
(159, 15.8, '159,84,57', '2015-05-23 16:16:36', '2015-05-23 16:16:36'),
(160, 15.9, '156,83,53', '2015-05-23 16:16:36', '2015-05-23 16:16:36'),
(161, 16.0, '152,83,54', '2015-05-23 16:16:36', '2015-05-23 16:16:36'),
(162, 16.1, '150,83,55', '2015-05-23 16:16:36', '2015-05-23 16:16:36'),
(163, 16.2, '150,81,56', '2015-05-23 16:16:36', '2015-05-23 16:16:36'),
(164, 16.3, '146,81,56', '2015-05-23 16:16:36', '2015-05-23 16:16:36'),
(165, 16.4, '147,79,54', '2015-05-23 16:16:36', '2015-05-23 16:16:36'),
(166, 16.5, '147,79,55', '2015-05-23 16:16:36', '2015-05-23 16:16:36'),
(167, 16.6, '146,78,54', '2015-05-23 16:16:36', '2015-05-23 16:16:36'),
(168, 16.7, '142,77,51', '2015-05-23 16:16:36', '2015-05-23 16:16:36'),
(169, 16.8, '143,79,53', '2015-05-23 16:16:36', '2015-05-23 16:16:36'),
(170, 16.9, '142,77,54', '2015-05-23 16:16:36', '2015-05-23 16:16:36'),
(171, 17.0, '141,76,50', '2015-05-23 16:16:36', '2015-05-23 16:16:36'),
(172, 17.1, '140,75,50', '2015-05-23 16:16:36', '2015-05-23 16:16:36'),
(173, 17.2, '138,73,49', '2015-05-23 16:16:36', '2015-05-23 16:16:36'),
(174, 17.3, '135,70,45', '2015-05-23 16:16:36', '2015-05-23 16:16:36'),
(175, 17.4, '136,71,49', '2015-05-23 16:16:36', '2015-05-23 16:16:36'),
(176, 17.5, '140,72,49', '2015-05-23 16:16:36', '2015-05-23 16:16:36'),
(177, 17.6, '128,70,45', '2015-05-23 16:16:36', '2015-05-23 16:16:36'),
(178, 17.7, '129,71,46', '2015-05-23 16:16:36', '2015-05-23 16:16:36'),
(179, 17.8, '130,69,47', '2015-05-23 16:16:36', '2015-05-23 16:16:36'),
(180, 17.9, '123,69,45', '2015-05-23 16:16:36', '2015-05-23 16:16:36'),
(181, 18.0, '124,69,45', '2015-05-23 16:16:36', '2015-05-23 16:16:36'),
(182, 18.1, '121,66,40', '2015-05-23 16:16:36', '2015-05-23 16:16:36'),
(183, 18.2, '120,67,40', '2015-05-23 16:16:36', '2015-05-23 16:16:36'),
(184, 18.3, '119,64,38', '2015-05-23 16:16:36', '2015-05-23 16:16:36'),
(185, 18.4, '116,63,34', '2015-05-23 16:16:36', '2015-05-23 16:16:36'),
(186, 18.5, '120,63,35', '2015-05-23 16:16:36', '2015-05-23 16:16:36'),
(187, 18.6, '120,62,37', '2015-05-23 16:16:36', '2015-05-23 16:16:36'),
(188, 18.7, '112,63,35', '2015-05-23 16:16:36', '2015-05-23 16:16:36'),
(189, 18.8, '111,62,36', '2015-05-23 16:16:36', '2015-05-23 16:16:36'),
(190, 18.9, '109,60,34', '2015-05-23 16:16:36', '2015-05-23 16:16:36'),
(191, 19.0, '107,58,30', '2015-05-23 16:16:36', '2015-05-23 16:16:36'),
(192, 19.1, '106,57,31', '2015-05-23 16:16:36', '2015-05-23 16:16:36'),
(193, 19.2, '107,56,31', '2015-05-23 16:16:36', '2015-05-23 16:16:36'),
(194, 19.3, '105,56,28', '2015-05-23 16:16:36', '2015-05-23 16:16:36'),
(195, 19.4, '105,56,28', '2015-05-23 16:16:36', '2015-05-23 16:16:36'),
(196, 19.5, '104,52,31', '2015-05-23 16:16:36', '2015-05-23 16:16:36'),
(197, 19.6, '102,53,27', '2015-05-23 16:16:36', '2015-05-23 16:16:36'),
(198, 19.7, '100,53,26', '2015-05-23 16:16:36', '2015-05-23 16:16:36'),
(199, 19.8, '99,52,25', '2015-05-23 16:16:36', '2015-05-23 16:16:36'),
(200, 19.9, '93,53,24', '2015-05-23 16:16:36', '2015-05-23 16:16:36'),
(201, 20.0, '93,52,26', '2015-05-23 16:16:36', '2015-05-23 16:16:36'),
(202, 20.1, '89,49,20', '2015-05-23 16:16:36', '2015-05-23 16:16:36'),
(203, 20.2, '90,50,21', '2015-05-23 16:16:36', '2015-05-23 16:16:36'),
(204, 20.3, '91,48,20', '2015-05-23 16:16:36', '2015-05-23 16:16:36'),
(205, 20.4, '83,48,15', '2015-05-23 16:16:36', '2015-05-23 16:16:36'),
(206, 20.5, '88,48,17', '2015-05-23 16:16:36', '2015-05-23 16:16:36'),
(207, 20.6, '86,46,17', '2015-05-23 16:16:36', '2015-05-23 16:16:36'),
(208, 20.7, '81,45,15', '2015-05-23 16:16:36', '2015-05-23 16:16:36'),
(209, 20.8, '83,44,15', '2015-05-23 16:16:36', '2015-05-23 16:16:36'),
(210, 20.9, '81,45,15', '2015-05-23 16:16:36', '2015-05-23 16:16:36'),
(211, 21.0, '78,42,12', '2015-05-23 16:16:36', '2015-05-23 16:16:36'),
(212, 21.1, '77,43,12', '2015-05-23 16:16:36', '2015-05-23 16:16:36'),
(213, 21.2, '75,41,12', '2015-05-23 16:16:36', '2015-05-23 16:16:36'),
(214, 21.3, '74,41,5', '2015-05-23 16:16:36', '2015-05-23 16:16:36'),
(215, 21.4, '78,40,23', '2015-05-23 16:16:36', '2015-05-23 16:16:36'),
(216, 21.5, '83,43,46', '2015-05-23 16:16:36', '2015-05-23 16:16:36'),
(217, 21.6, '78,43,41', '2015-05-23 16:16:36', '2015-05-23 16:16:36'),
(218, 21.7, '78,40,41', '2015-05-23 16:16:36', '2015-05-23 16:16:36'),
(219, 21.8, '76,41,41', '2015-05-23 16:16:36', '2015-05-23 16:16:36'),
(220, 21.9, '74,39,39', '2015-05-23 16:16:36', '2015-05-23 16:16:36'),
(221, 22.0, '74,39,39', '2015-05-23 16:16:36', '2015-05-23 16:16:36'),
(222, 22.1, '69,39,35', '2015-05-23 16:16:36', '2015-05-23 16:16:36'),
(223, 22.2, '70,37,37', '2015-05-23 16:16:36', '2015-05-23 16:16:36'),
(224, 22.3, '68,38,36', '2015-05-23 16:16:36', '2015-05-23 16:16:36'),
(225, 22.4, '64,35,34', '2015-05-23 16:16:36', '2015-05-23 16:16:36'),
(226, 22.5, '64,35,34', '2015-05-23 16:16:36', '2015-05-23 16:16:36'),
(227, 22.6, '62,33,32', '2015-05-23 16:16:36', '2015-05-23 16:16:36'),
(228, 22.7, '58,33,31', '2015-05-23 16:16:36', '2015-05-23 16:16:36'),
(229, 22.8, '61,33,31', '2015-05-23 16:16:36', '2015-05-23 16:16:36'),
(230, 22.9, '58,33,33', '2015-05-23 16:16:36', '2015-05-23 16:16:36'),
(231, 23.0, '54,31,27', '2015-05-23 16:16:36', '2015-05-23 16:16:36'),
(232, 23.1, '52,29,28', '2015-05-23 16:16:36', '2015-05-23 16:16:36'),
(233, 23.2, '52,29,28', '2015-05-23 16:16:36', '2015-05-23 16:16:36'),
(234, 23.3, '49,28,27', '2015-05-23 16:16:36', '2015-05-23 16:16:36'),
(235, 23.4, '48,27,26', '2015-05-23 16:16:36', '2015-05-23 16:16:36'),
(236, 23.5, '48,27,26', '2015-05-23 16:16:36', '2015-05-23 16:16:36'),
(237, 23.6, '44,25,25', '2015-05-23 16:16:36', '2015-05-23 16:16:36'),
(238, 23.7, '44,25,23', '2015-05-23 16:16:36', '2015-05-23 16:16:36'),
(239, 23.8, '42,24,26', '2015-05-23 16:16:36', '2015-05-23 16:16:36'),
(240, 23.9, '40,23,22', '2015-05-23 16:16:36', '2015-05-23 16:16:36'),
(241, 24.0, '38,23,22', '2015-05-23 16:16:36', '2015-05-23 16:16:36'),
(242, 24.1, '38,23,22', '2015-05-23 16:16:36', '2015-05-23 16:16:36'),
(243, 24.2, '38,23,22', '2015-05-23 16:16:36', '2015-05-23 16:16:36'),
(244, 24.3, '38,23,22', '2015-05-23 16:16:36', '2015-05-23 16:16:36'),
(245, 24.4, '38,23,22', '2015-05-23 16:16:36', '2015-05-23 16:16:36'),
(246, 24.5, '38,23,22', '2015-05-23 16:16:36', '2015-05-23 16:16:36'),
(247, 24.6, '38,23,22', '2015-05-23 16:16:36', '2015-05-23 16:16:36'),
(248, 24.7, '38,23,22', '2015-05-23 16:16:36', '2015-05-23 16:16:36'),
(249, 24.8, '38,23,22', '2015-05-23 16:16:36', '2015-05-23 16:16:36'),
(250, 24.9, '38,23,22', '2015-05-23 16:16:36', '2015-05-23 16:16:36'),
(251, 25.0, '38,23,22', '2015-05-23 16:16:36', '2015-05-23 16:16:36'),
(252, 25.1, '38,23,22', '2015-05-23 16:16:36', '2015-05-23 16:16:36'),
(253, 25.2, '38,23,22', '2015-05-23 16:16:36', '2015-05-23 16:16:36'),
(254, 25.3, '38,23,22', '2015-05-23 16:16:36', '2015-05-23 16:16:36'),
(255, 25.4, '38,23,22', '2015-05-23 16:16:36', '2015-05-23 16:16:36'),
(256, 25.5, '38,23,22', '2015-05-23 16:16:36', '2015-05-23 16:16:36'),
(257, 25.6, '38,23,24', '2015-05-23 16:16:36', '2015-05-23 16:16:36'),
(258, 25.7, '25,16,15', '2015-05-23 16:16:36', '2015-05-23 16:16:36'),
(259, 25.8, '25,16,15', '2015-05-23 16:16:36', '2015-05-23 16:16:36'),
(260, 25.9, '25,16,15', '2015-05-23 16:16:36', '2015-05-23 16:16:36'),
(261, 26.0, '25,16,15', '2015-05-23 16:16:36', '2015-05-23 16:16:36'),
(262, 26.1, '25,16,15', '2015-05-23 16:16:36', '2015-05-23 16:16:36'),
(263, 26.2, '25,16,15', '2015-05-23 16:16:36', '2015-05-23 16:16:36'),
(264, 26.3, '25,16,15', '2015-05-23 16:16:36', '2015-05-23 16:16:36'),
(265, 26.4, '25,16,15', '2015-05-23 16:16:36', '2015-05-23 16:16:36'),
(266, 26.5, '25,16,15', '2015-05-23 16:16:36', '2015-05-23 16:16:36'),
(267, 26.6, '25,16,15', '2015-05-23 16:16:36', '2015-05-23 16:16:36'),
(268, 26.7, '25,16,15', '2015-05-23 16:16:36', '2015-05-23 16:16:36'),
(269, 26.8, '25,16,15', '2015-05-23 16:16:36', '2015-05-23 16:16:36'),
(270, 26.9, '25,16,15', '2015-05-23 16:16:36', '2015-05-23 16:16:36'),
(271, 27.0, '25,16,15', '2015-05-23 16:16:36', '2015-05-23 16:16:36'),
(272, 27.1, '25,16,15', '2015-05-23 16:16:36', '2015-05-23 16:16:36'),
(273, 27.2, '25,16,15', '2015-05-23 16:16:36', '2015-05-23 16:16:36'),
(274, 27.3, '18,13,12', '2015-05-23 16:16:36', '2015-05-23 16:16:36'),
(275, 27.4, '18,13,12', '2015-05-23 16:16:36', '2015-05-23 16:16:36'),
(276, 27.5, '18,13,12', '2015-05-23 16:16:36', '2015-05-23 16:16:36'),
(277, 27.6, '18,13,12', '2015-05-23 16:16:36', '2015-05-23 16:16:36'),
(278, 27.7, '18,13,12', '2015-05-23 16:16:36', '2015-05-23 16:16:36'),
(279, 27.8, '18,13,12', '2015-05-23 16:16:36', '2015-05-23 16:16:36'),
(280, 27.9, '18,13,12', '2015-05-23 16:16:36', '2015-05-23 16:16:36'),
(281, 28.0, '18,13,12', '2015-05-23 16:16:36', '2015-05-23 16:16:36'),
(282, 28.1, '18,13,12', '2015-05-23 16:16:36', '2015-05-23 16:16:36'),
(283, 28.2, '18,13,12', '2015-05-23 16:16:36', '2015-05-23 16:16:36'),
(284, 28.3, '18,13,12', '2015-05-23 16:16:36', '2015-05-23 16:16:36'),
(285, 28.4, '18,13,12', '2015-05-23 16:16:36', '2015-05-23 16:16:36'),
(286, 28.5, '18,13,12', '2015-05-23 16:16:36', '2015-05-23 16:16:36'),
(287, 28.6, '18,13,12', '2015-05-23 16:16:36', '2015-05-23 16:16:36'),
(288, 28.7, '17,13,10', '2015-05-23 16:16:36', '2015-05-23 16:16:36'),
(289, 28.8, '18,13,12', '2015-05-23 16:16:36', '2015-05-23 16:16:36'),
(290, 28.9, '16,11,10', '2015-05-23 16:16:36', '2015-05-23 16:16:36'),
(291, 29.0, '16,11,10', '2015-05-23 16:16:36', '2015-05-23 16:16:36'),
(292, 29.1, '16,11,10', '2015-05-23 16:16:36', '2015-05-23 16:16:36'),
(293, 29.2, '16,11,10', '2015-05-23 16:16:36', '2015-05-23 16:16:36'),
(294, 29.3, '16,11,10', '2015-05-23 16:16:36', '2015-05-23 16:16:36'),
(295, 29.4, '16,11,10', '2015-05-23 16:16:36', '2015-05-23 16:16:36'),
(296, 29.5, '16,11,10', '2015-05-23 16:16:36', '2015-05-23 16:16:36'),
(297, 29.6, '16,11,10', '2015-05-23 16:16:36', '2015-05-23 16:16:36'),
(298, 29.7, '16,11,10', '2015-05-23 16:16:36', '2015-05-23 16:16:36'),
(299, 29.8, '16,11,10', '2015-05-23 16:16:36', '2015-05-23 16:16:36'),
(300, 29.9, '16,11,10', '2015-05-23 16:16:36', '2015-05-23 16:16:36'),
(301, 30.0, '16,11,10', '2015-05-23 16:16:36', '2015-05-23 16:16:36'),
(302, 30.1, '16,11,10', '2015-05-23 16:16:36', '2015-05-23 16:16:36'),
(303, 30.2, '16,11,10', '2015-05-23 16:16:36', '2015-05-23 16:16:36'),
(304, 30.3, '16,11,10', '2015-05-23 16:16:36', '2015-05-23 16:16:36'),
(305, 30.4, '16,11,10', '2015-05-23 16:16:36', '2015-05-23 16:16:36'),
(306, 30.5, '14,9,8', '2015-05-23 16:16:36', '2015-05-23 16:16:36'),
(307, 30.6, '15,10,9', '2015-05-23 16:16:36', '2015-05-23 16:16:36'),
(308, 30.7, '14,9,8', '2015-05-23 16:16:36', '2015-05-23 16:16:36'),
(309, 30.8, '14,9,8', '2015-05-23 16:16:36', '2015-05-23 16:16:36'),
(310, 30.9, '14,9,8', '2015-05-23 16:16:36', '2015-05-23 16:16:36'),
(311, 31.0, '14,9,8', '2015-05-23 16:16:36', '2015-05-23 16:16:36'),
(312, 31.1, '14,9,8', '2015-05-23 16:16:36', '2015-05-23 16:16:36'),
(313, 31.2, '14,9,8', '2015-05-23 16:16:36', '2015-05-23 16:16:36'),
(314, 31.3, '14,9,8', '2015-05-23 16:16:36', '2015-05-23 16:16:36'),
(315, 31.4, '14,9,8', '2015-05-23 16:16:36', '2015-05-23 16:16:36'),
(316, 31.5, '14,9,8', '2015-05-23 16:16:36', '2015-05-23 16:16:36'),
(317, 31.6, '14,9,8', '2015-05-23 16:16:36', '2015-05-23 16:16:36'),
(318, 31.7, '14,9,8', '2015-05-23 16:16:36', '2015-05-23 16:16:36'),
(319, 31.8, '14,9,8', '2015-05-23 16:16:36', '2015-05-23 16:16:36'),
(320, 31.9, '14,9,8', '2015-05-23 16:16:36', '2015-05-23 16:16:36'),
(321, 32.0, '15,11,8', '2015-05-23 16:16:36', '2015-05-23 16:16:36'),
(322, 32.1, '12,9,7', '2015-05-23 16:16:36', '2015-05-23 16:16:36'),
(323, 32.2, '12,9,7', '2015-05-23 16:16:36', '2015-05-23 16:16:36'),
(324, 32.3, '12,9,7', '2015-05-23 16:16:36', '2015-05-23 16:16:36'),
(325, 32.4, '12,9,7', '2015-05-23 16:16:36', '2015-05-23 16:16:36'),
(326, 32.5, '12,9,7', '2015-05-23 16:16:36', '2015-05-23 16:16:36'),
(327, 32.6, '12,9,7', '2015-05-23 16:16:36', '2015-05-23 16:16:36'),
(328, 32.7, '12,9,7', '2015-05-23 16:16:36', '2015-05-23 16:16:36'),
(329, 32.8, '12,9,7', '2015-05-23 16:16:36', '2015-05-23 16:16:36'),
(330, 32.9, '12,9,7', '2015-05-23 16:16:36', '2015-05-23 16:16:36'),
(331, 33.0, '12,9,7', '2015-05-23 16:16:36', '2015-05-23 16:16:36'),
(332, 33.1, '12,9,7', '2015-05-23 16:16:36', '2015-05-23 16:16:36'),
(333, 33.2, '12,9,7', '2015-05-23 16:16:36', '2015-05-23 16:16:36'),
(334, 33.3, '12,9,7', '2015-05-23 16:16:36', '2015-05-23 16:16:36'),
(335, 33.4, '12,9,7', '2015-05-23 16:16:36', '2015-05-23 16:16:36'),
(336, 33.5, '12,9,7', '2015-05-23 16:16:36', '2015-05-23 16:16:36'),
(337, 33.6, '12,9,7', '2015-05-23 16:16:36', '2015-05-23 16:16:36'),
(338, 33.7, '10,7,7', '2015-05-23 16:16:36', '2015-05-23 16:16:36'),
(339, 33.8, '10,7,5', '2015-05-23 16:16:36', '2015-05-23 16:16:36'),
(340, 33.9, '8,7,7', '2015-05-23 16:16:36', '2015-05-23 16:16:36'),
(341, 34.0, '8,7,7', '2015-05-23 16:16:36', '2015-05-23 16:16:36'),
(342, 34.1, '8,7,7', '2015-05-23 16:16:36', '2015-05-23 16:16:36'),
(343, 34.2, '8,7,7', '2015-05-23 16:16:36', '2015-05-23 16:16:36'),
(344, 34.3, '8,7,7', '2015-05-23 16:16:36', '2015-05-23 16:16:36'),
(345, 34.4, '8,7,7', '2015-05-23 16:16:36', '2015-05-23 16:16:36'),
(346, 34.5, '8,7,7', '2015-05-23 16:16:36', '2015-05-23 16:16:36'),
(347, 34.6, '8,7,7', '2015-05-23 16:16:36', '2015-05-23 16:16:36'),
(348, 34.7, '8,7,7', '2015-05-23 16:16:36', '2015-05-23 16:16:36'),
(349, 34.8, '8,7,7', '2015-05-23 16:16:36', '2015-05-23 16:16:36'),
(350, 34.9, '8,7,7', '2015-05-23 16:16:36', '2015-05-23 16:16:36'),
(351, 35.0, '8,7,7', '2015-05-23 16:16:36', '2015-05-23 16:16:36'),
(352, 35.1, '8,7,7', '2015-05-23 16:16:36', '2015-05-23 16:16:36'),
(353, 35.2, '8,7,7', '2015-05-23 16:16:36', '2015-05-23 16:16:36'),
(354, 35.3, '7,6,6', '2015-05-23 16:16:36', '2015-05-23 16:16:36'),
(355, 35.4, '7,6,6', '2015-05-23 16:16:36', '2015-05-23 16:16:36'),
(356, 35.5, '7,6,6', '2015-05-23 16:16:36', '2015-05-23 16:16:36'),
(357, 35.6, '7,6,6', '2015-05-23 16:16:36', '2015-05-23 16:16:36'),
(358, 35.7, '7,6,6', '2015-05-23 16:16:36', '2015-05-23 16:16:36'),
(359, 35.8, '7,6,6', '2015-05-23 16:16:36', '2015-05-23 16:16:36'),
(360, 35.9, '7,6,6', '2015-05-23 16:16:36', '2015-05-23 16:16:36'),
(361, 36.0, '7,6,6', '2015-05-23 16:16:36', '2015-05-23 16:16:36'),
(362, 36.1, '7,6,6', '2015-05-23 16:16:36', '2015-05-23 16:16:36'),
(363, 36.2, '7,6,6', '2015-05-23 16:16:36', '2015-05-23 16:16:36'),
(364, 36.3, '7,6,6', '2015-05-23 16:16:36', '2015-05-23 16:16:36'),
(365, 36.4, '7,6,6', '2015-05-23 16:16:36', '2015-05-23 16:16:36'),
(366, 36.5, '7,6,6', '2015-05-23 16:16:36', '2015-05-23 16:16:36'),
(367, 36.6, '7,6,6', '2015-05-23 16:16:36', '2015-05-23 16:16:36'),
(368, 36.7, '7,7,4', '2015-05-23 16:16:36', '2015-05-23 16:16:36'),
(369, 36.8, '6,6,3', '2015-05-23 16:16:36', '2015-05-23 16:16:36'),
(370, 36.9, '6,5,5', '2015-05-23 16:16:36', '2015-05-23 16:16:36'),
(371, 37.0, '4,5,4', '2015-05-23 16:16:36', '2015-05-23 16:16:36'),
(372, 37.1, '4,5,4', '2015-05-23 16:16:36', '2015-05-23 16:16:36'),
(373, 37.2, '4,5,4', '2015-05-23 16:16:36', '2015-05-23 16:16:36'),
(374, 37.3, '4,5,4', '2015-05-23 16:16:36', '2015-05-23 16:16:36'),
(375, 37.4, '4,5,4', '2015-05-23 16:16:36', '2015-05-23 16:16:36'),
(376, 37.5, '4,5,4', '2015-05-23 16:16:36', '2015-05-23 16:16:36'),
(377, 37.6, '4,5,4', '2015-05-23 16:16:36', '2015-05-23 16:16:36'),
(378, 37.7, '4,5,4', '2015-05-23 16:16:36', '2015-05-23 16:16:36'),
(379, 37.8, '4,5,4', '2015-05-23 16:16:36', '2015-05-23 16:16:36'),
(380, 37.9, '4,5,4', '2015-05-23 16:16:36', '2015-05-23 16:16:36'),
(381, 38.0, '4,5,4', '2015-05-23 16:16:36', '2015-05-23 16:16:36'),
(382, 38.1, '4,5,4', '2015-05-23 16:16:36', '2015-05-23 16:16:36'),
(383, 38.2, '4,5,4', '2015-05-23 16:16:36', '2015-05-23 16:16:36'),
(384, 38.3, '4,5,4', '2015-05-23 16:16:36', '2015-05-23 16:16:36'),
(385, 38.4, '4,5,4', '2015-05-23 16:16:36', '2015-05-23 16:16:36'),
(386, 38.5, '3,4,3', '2015-05-23 16:16:36', '2015-05-23 16:16:36'),
(387, 38.6, '4,5,4', '2015-05-23 16:16:36', '2015-05-23 16:16:36'),
(388, 38.7, '3,4,3', '2015-05-23 16:16:36', '2015-05-23 16:16:36'),
(389, 38.8, '3,4,3', '2015-05-23 16:16:36', '2015-05-23 16:16:36'),
(390, 38.9, '3,4,3', '2015-05-23 16:16:36', '2015-05-23 16:16:36'),
(391, 39.0, '3,4,3', '2015-05-23 16:16:36', '2015-05-23 16:16:36'),
(392, 39.1, '3,4,3', '2015-05-23 16:16:36', '2015-05-23 16:16:36'),
(393, 39.2, '3,4,3', '2015-05-23 16:16:36', '2015-05-23 16:16:36'),
(394, 39.3, '3,4,3', '2015-05-23 16:16:36', '2015-05-23 16:16:36'),
(395, 39.4, '3,4,3', '2015-05-23 16:16:36', '2015-05-23 16:16:36'),
(396, 39.5, '3,4,3', '2015-05-23 16:16:36', '2015-05-23 16:16:36'),
(397, 39.6, '3,4,3', '2015-05-23 16:16:36', '2015-05-23 16:16:36'),
(398, 39.7, '3,4,3', '2015-05-23 16:16:36', '2015-05-23 16:16:36'),
(399, 39.8, '3,4,3', '2015-05-23 16:16:36', '2015-05-23 16:16:36'),
(400, 39.9, '3,4,3', '2015-05-23 16:16:36', '2015-05-23 16:16:36'),
(401, 40.0, '3,4,3', '2015-05-23 16:16:36', '2015-05-23 16:16:36');

-- --------------------------------------------------------

--
-- Table structure for table `taps`
--

CREATE TABLE IF NOT EXISTS `taps` (
  `id` int(11) NOT NULL AUTO_INCREMENT,
  `beerId` int(11) NOT NULL,
  `kegId` int(11) NOT NULL,
  `tapNumber` int(11) NOT NULL,
  `pinId` int(2) DEFAULT NULL,
  `active` tinyint(1) NOT NULL,
  `ogAct` decimal(4,3) NOT NULL,
  `fgAct` decimal(4,3) NOT NULL,
  `srmAct` decimal(3,1) NOT NULL,
  `ibuAct` int(4) NOT NULL,
  `startAmount` decimal(6,1) NOT NULL,
  `currentAmount` decimal(6,1) NOT NULL,
  `createdDate` timestamp NULL DEFAULT NULL,
  `modifiedDate` timestamp NULL DEFAULT NULL,
  PRIMARY KEY (`id`),
  KEY `beerId` (`beerId`),
  KEY `kegId` (`kegId`)
) ENGINE=InnoDB  DEFAULT CHARSET=latin1 AUTO_INCREMENT=6 ;

-- --------------------------------------------------------

--
-- Table structure for table `users`
--

CREATE TABLE IF NOT EXISTS `users` (
  `id` int(11) NOT NULL AUTO_INCREMENT,
  `username` varchar(65) CHARACTER SET utf8 NOT NULL,
  `password` varchar(65) CHARACTER SET utf8 NOT NULL,
  `name` varchar(65) CHARACTER SET utf8 NOT NULL,
  `email` varchar(65) CHARACTER SET utf8 NOT NULL,
  `createdDate` timestamp NULL DEFAULT NULL,
  `modifiedDate` timestamp NULL DEFAULT NULL,
  PRIMARY KEY (`id`),
  UNIQUE KEY `username_UNIQUE` (`username`)
) ENGINE=InnoDB  DEFAULT CHARSET=latin1 AUTO_INCREMENT=2 ;

--
-- Dumping data for table `users`
--

INSERT INTO `users` (`id`, `username`, `password`, `name`, `email`, `createdDate`, `modifiedDate`) VALUES
(1, 'admin', '315d57a53e741e0012444fbdbf96866e', 'Brad', 'brad@o-townhopheads.org', '2015-05-23 16:16:36', '2015-05-23 16:16:36');

-- --------------------------------------------------------

--
-- Stand-in structure for view `vwGetActiveTaps`
--
CREATE TABLE IF NOT EXISTS `vwGetActiveTaps` (
`id` int(11)
,`name` text
,`style` tinytext
,`notes` text
,`ogAct` decimal(4,3)
,`fgAct` decimal(4,3)
,`srmAct` decimal(3,1)
,`ibuAct` int(4)
,`startAmount` decimal(6,1)
,`amountPoured` double(20,3)
,`remainAmount` double(20,3)
,`tapNumber` int(11)
,`srmRgb` varchar(12)
);
-- --------------------------------------------------------

--
-- Stand-in structure for view `vwGetTapsAmountPoured`
--
CREATE TABLE IF NOT EXISTS `vwGetTapsAmountPoured` (
`tapId` int(11)
,`amountPoured` double(20,3)
);
-- --------------------------------------------------------

--
-- Structure for view `vwGetActiveTaps`
--
DROP TABLE IF EXISTS `vwGetActiveTaps`;

CREATE ALGORITHM=UNDEFINED DEFINER=`root`@`localhost` SQL SECURITY DEFINER VIEW `vwGetActiveTaps` AS select `t`.`id` AS `id`,`b`.`name` AS `name`,`bs`.`name` AS `style`,`b`.`notes` AS `notes`,`t`.`ogAct` AS `ogAct`,`t`.`fgAct` AS `fgAct`,`t`.`srmAct` AS `srmAct`,`t`.`ibuAct` AS `ibuAct`,`t`.`startAmount` AS `startAmount`,ifnull(`p`.`amountPoured`,0) AS `amountPoured`,(`t`.`startAmount` - ifnull(`p`.`amountPoured`,0)) AS `remainAmount`,`t`.`tapNumber` AS `tapNumber`,`s`.`rgb` AS `srmRgb` from ((((`taps` `t` left join `beers` `b` on((`b`.`id` = `t`.`beerId`))) left join `beerStyles` `bs` on((`bs`.`id` = `b`.`beerStyleId`))) left join `srmRgb` `s` on((`s`.`srm` = `t`.`srmAct`))) left join `vwGetTapsAmountPoured` `p` on((`p`.`tapId` = `t`.`id`))) where (`t`.`active` = 1) order by `t`.`tapNumber`;

-- --------------------------------------------------------

--
-- Structure for view `vwGetTapsAmountPoured`
--
DROP TABLE IF EXISTS `vwGetTapsAmountPoured`;

CREATE ALGORITHM=UNDEFINED DEFINER=`root`@`localhost` SQL SECURITY DEFINER VIEW `vwGetTapsAmountPoured` AS select `pours`.`tapId` AS `tapId`,sum(`pours`.`amountPoured`) AS `amountPoured` from `pours` group by `pours`.`tapId`;

--
-- Constraints for dumped tables
--

--
-- Constraints for table `beers`
--
ALTER TABLE `beers`
  ADD CONSTRAINT `beers_ibfk_1` FOREIGN KEY (`beerStyleId`) REFERENCES `beerStyles` (`id`) ON DELETE CASCADE;

--
-- Constraints for table `kegs`
--
ALTER TABLE `kegs`
  ADD CONSTRAINT `kegs_ibfk_1` FOREIGN KEY (`kegStatusCode`) REFERENCES `kegStatuses` (`code`) ON DELETE CASCADE,
  ADD CONSTRAINT `kegs_ibfk_2` FOREIGN KEY (`kegTypeId`) REFERENCES `kegTypes` (`id`) ON DELETE CASCADE;

--
-- Constraints for table `pours`
--
ALTER TABLE `pours`
  ADD CONSTRAINT `pours_ibfk_1` FOREIGN KEY (`tapId`) REFERENCES `taps` (`id`) ON DELETE CASCADE;

--
-- Constraints for table `taps`
--
ALTER TABLE `taps`
  ADD CONSTRAINT `taps_ibfk_1` FOREIGN KEY (`beerId`) REFERENCES `beers` (`id`) ON DELETE CASCADE,
  ADD CONSTRAINT `taps_ibfk_2` FOREIGN KEY (`kegId`) REFERENCES `kegs` (`id`) ON DELETE CASCADE;

/*!40101 SET CHARACTER_SET_CLIENT=@OLD_CHARACTER_SET_CLIENT */;
/*!40101 SET CHARACTER_SET_RESULTS=@OLD_CHARACTER_SET_RESULTS */;
/*!40101 SET COLLATION_CONNECTION=@OLD_COLLATION_CONNECTION */;
